{"Birmingham, Alabama": [33.5206824, -86.8024326], "Anchorage, Alaska": [61.2163129, -149.894852], "Phoenix, Arizona": [33.4484367, -112.0741417], "Little Rock, Arkansas": [34.7464809, -92.2895948], "Los Angeles, California": [34.0536909, -118.242766], "Denver, Colorado": [39.7392364, -104.9848623], "Bridgeport, Connecticut": [41.184722300000004, -73.18672053183846], "Wilmington, Delaware": [39.7459468, -75.546589], "Jacksonville, Florida": [30.3321838, -81.655651], "Atlanta, Georgia ": [33.7489924, -84.3902644], "Honolulu, Hawaii": [21.304547, -157.8556764], "Boise, Idaho": [43.6166163, -116.200886], "Chicago, Illinois": [41.8755616, -87.6244212], "Indianapolis, Indiana": [39.7683331, -86.1583502], "Des Moines, Iowa": [41.5910323, -93.6046655], "Wichita, Kansas": [37.6922361, -97.3375448], "Louisville, Kentucky": [38.2542376, -85.759407], "New Orleans, Louisiana": [29.9499323, -90.0701156], "Portland, Maine": [43.6610277, -70.2548596], "Baltimore, Maryland": [39.2908816, -76.610759], "Boston, Massachusetts": [42.3602534, -71.0582912], "Detroit, Michigan": [42.3315509, -83.0466403], "Minneapolis, Minnesota": [44.9772995, -93.2654692], "Jackson, Mississippi": [32.2990384, -90.1847691], "Kansas City, Missouri": [39.100105, -94.5781416], "Billings, Montana": [45.7874957, -108.49607], "Omaha, Nebraska": [41.2587459, -95.9383758], "Las Vegas, Nevada": [36.1672559, -115.1485163], "Manchester, New Hampshire": [42.9956397, -71.4547891], "Newark, New Jersey": [40.735657, -74.1723667], "Albuquerque, New Mexico": [35.0841034, -106.6509851], "New York City, New York ": [40.7127281, -74.0060152], "Charlotte, North Carolina": [35.2272086, -80.8430827], "Fargo, North Dakota": [46.877229, -96.789821], "Columbus, Ohio": [39.9622601, -83.0007065], "Oklahoma City, Oklahoma": [35.4729886, -97.5170536], "Portland, Oregon": [45.5202471, -122.6741949], "Philadelphia, Pennsylvania": [39.9527237, -75.1635262], "Providence, Rhode Island": [41.8239891, -71.4128343], "Charleston, South Carolina": [32.7876012, -79.9402728], "Sioux Falls, South Dakota": [43.549973, -96.7003324], "Nashville, Tennessee": [36.1622296, -86.7743531], "Houston, Texas": [29.7589382, -95.3676974], "Salt Lake City, Utah": [40.7596198, -111.8867975], "Burlington, Vermont": [44.4761601, -73.212906], "Virginia Beach, Virginia": [36.8529841, -75.9774183], "Seattle, Washington ": [47.6038321, -122.3300624], "Charleston, West Virginia": [38.3505995, -81.6332812], "Milwaukee, Wisconsin": [43.0349931, -87.922497], "Cheyenne, Wyoming": [41.139981, -104.820246]}